alias,normalized_alias,region_code,region_name
松葉町4丁目,松葉町4丁目,4844,松葉町４丁目
松葉町４丁目,松葉町4丁目,4844,松葉町４丁目
大津ケ丘3丁目,大津ケ丘3丁目,7563,大津ケ丘３丁目
大津ケ丘３丁目,大津ケ丘3丁目,7563,大津ケ丘３丁目
松葉町5丁目,松葉町5丁目,4845,松葉町５丁目
松葉町５丁目,松葉町5丁目,4845,松葉町５丁目
布施,布施,4280,布施
松葉町1丁目,松葉町1丁目,4841,松葉町１丁目
松葉町１丁目,松葉町1丁目,4841,松葉町１丁目
西柏台2丁目,西柏台2丁目,3842,西柏台２丁目
西柏台２丁目,西柏台2丁目,3842,西柏台２丁目
光ケ丘団地,光ケ丘団地,5800,光ケ丘団地
豊四季台3丁目,豊四季台3丁目,4643,豊四季台３丁目
豊四季台３丁目,豊四季台3丁目,4643,豊四季台３丁目
根戸,根戸,4200,根戸
大室,大室,3080,大室
東中新宿4丁目,東中新宿4丁目,5684,東中新宿４丁目
東中新宿４丁目,東中新宿4丁目,5684,東中新宿４丁目
大津ケ丘1丁目,大津ケ丘1丁目,7561,大津ケ丘１丁目
大津ケ丘１丁目,大津ケ丘1丁目,7561,大津ケ丘１丁目
大津ケ丘2丁目,大津ケ丘2丁目,7562,大津ケ丘２丁目
大津ケ丘２丁目,大津ケ丘2丁目,7562,大津ケ丘２丁目
大津ケ丘4丁目,大津ケ丘4丁目,7564,大津ケ丘４丁目
大津ケ丘４丁目,大津ケ丘4丁目,7564,大津ケ丘４丁目
しいの木台4丁目,しいの木台4丁目,7124,しいの木台４丁目
しいの木台４丁目,しいの木台4丁目,7124,しいの木台４丁目
宿連寺,宿連寺,4160,宿連寺
あかね町,あかね町,1040,あかね町
南増尾8丁目,南増尾8丁目,6168,南増尾８丁目
南増尾８丁目,南増尾8丁目,6168,南増尾８丁目
中新宿1丁目,中新宿1丁目,5561,中新宿１丁目
中新宿１丁目,中新宿1丁目,5561,中新宿１丁目
青葉台2丁目,青葉台2丁目,6042,青葉台２丁目
青葉台２丁目,青葉台2丁目,6042,青葉台２丁目
柏,柏,2800,柏
大井,大井,7440,大井
花野井,花野井,3440,花野井
豊四季台2丁目,豊四季台2丁目,4642,豊四季台２丁目
豊四季台２丁目,豊四季台2丁目,4642,豊四季台２丁目
戸張,戸張,1800,戸張
逆井3丁目,逆井3丁目,6643,逆井３丁目
逆井３丁目,逆井3丁目,6643,逆井３丁目
新逆井1丁目,新逆井1丁目,6081,新逆井１丁目
新逆井１丁目,新逆井1丁目,6081,新逆井１丁目
新柏1丁目,新柏1丁目,5081,新柏１丁目
新柏１丁目,新柏1丁目,5081,新柏１丁目
南増尾1丁目,南増尾1丁目,6161,南増尾１丁目
南増尾１丁目,南増尾1丁目,6161,南増尾１丁目
松ケ崎,松ケ崎,2280,松ケ崎
藤心1丁目,藤心1丁目,6761,藤心１丁目
藤心１丁目,藤心1丁目,6761,藤心１丁目
豊町2丁目,豊町2丁目,2482,豊町２丁目
豊町２丁目,豊町2丁目,2482,豊町２丁目
塚崎,塚崎,7640,塚崎
酒井根2丁目,酒井根2丁目,5482,酒井根２丁目
酒井根２丁目,酒井根2丁目,5482,酒井根２丁目
青葉台1丁目,青葉台1丁目,6041,青葉台１丁目
青葉台１丁目,青葉台1丁目,6041,青葉台１丁目
篠籠田,篠籠田,1560,篠籠田
名戸ケ谷1丁目,名戸ケ谷1丁目,5121,名戸ケ谷１丁目
名戸ケ谷１丁目,名戸ケ谷1丁目,5121,名戸ケ谷１丁目
光ケ丘2丁目,光ケ丘2丁目,5762,光ケ丘２丁目
光ケ丘２丁目,光ケ丘2丁目,5762,光ケ丘２丁目
高柳,高柳,7160,高柳
増尾台3丁目,増尾台3丁目,5203,増尾台３丁目
増尾台３丁目,増尾台3丁目,5203,増尾台３丁目
東中新宿2丁目,東中新宿2丁目,5682,東中新宿２丁目
東中新宿２丁目,東中新宿2丁目,5682,東中新宿２丁目
常盤台,常盤台,1760,常盤台
旭町5丁目,旭町5丁目,2725,旭町５丁目
旭町５丁目,旭町5丁目,2725,旭町５丁目
南逆井3丁目,南逆井3丁目,6123,南逆井３丁目
南逆井３丁目,南逆井3丁目,6123,南逆井３丁目
豊四季,豊四季,1960,豊四季
十余二,十余二,3760,十余二
高田,高田,1680,高田
しいの木台3丁目,しいの木台3丁目,7123,しいの木台３丁目
しいの木台３丁目,しいの木台3丁目,7123,しいの木台３丁目
豊上町,豊上町,1920,豊上町
逆井4丁目,逆井4丁目,6644,逆井４丁目
逆井４丁目,逆井4丁目,6644,逆井４丁目
南逆井6丁目,南逆井6丁目,6126,南逆井６丁目
南逆井６丁目,南逆井6丁目,6126,南逆井６丁目
東中新宿3丁目,東中新宿3丁目,5683,東中新宿３丁目
東中新宿３丁目,東中新宿3丁目,5683,東中新宿３丁目
松葉町6丁目,松葉町6丁目,4846,松葉町６丁目
松葉町６丁目,松葉町6丁目,4846,松葉町６丁目
南逆井4丁目,南逆井4丁目,6124,南逆井４丁目
南逆井４丁目,南逆井4丁目,6124,南逆井４丁目
増尾8丁目,増尾8丁目,5168,増尾８丁目
増尾８丁目,増尾8丁目,5168,増尾８丁目
あけぼの5丁目,あけぼの5丁目,2685,あけぼの５丁目
あけぼの５丁目,あけぼの5丁目,2685,あけぼの５丁目
藤ケ谷,藤ケ谷,7240,藤ケ谷
加賀1丁目,加賀1丁目,5041,加賀１丁目
加賀１丁目,加賀1丁目,5041,加賀１丁目
中新宿3丁目,中新宿3丁目,5563,中新宿３丁目
中新宿３丁目,中新宿3丁目,5563,中新宿３丁目
逆井2丁目,逆井2丁目,6642,逆井２丁目
逆井２丁目,逆井2丁目,6642,逆井２丁目
新柏2丁目,新柏2丁目,5082,新柏２丁目
新柏２丁目,新柏2丁目,5082,新柏２丁目
南増尾3丁目,南増尾3丁目,6163,南増尾３丁目
南増尾３丁目,南増尾3丁目,6163,南増尾３丁目
南増尾4丁目,南増尾4丁目,6164,南増尾４丁目
南増尾４丁目,南増尾4丁目,6164,南増尾４丁目
中原2丁目,中原2丁目,5602,中原２丁目
中原２丁目,中原2丁目,5602,中原２丁目
今谷上町,今谷上町,1200,今谷上町
逆井藤ノ台,逆井藤ノ台,6680,逆井藤ノ台
若柴,若柴,3560,若柴
しいの木台5丁目,しいの木台5丁目,7125,しいの木台５丁目
しいの木台５丁目,しいの木台5丁目,7125,しいの木台５丁目
船戸,船戸,3480,船戸
柏の葉3丁目,柏の葉3丁目,3723,柏の葉３丁目
柏の葉３丁目,柏の葉3丁目,3723,柏の葉３丁目
西原1丁目,西原1丁目,3881,西原１丁目
西原１丁目,西原1丁目,3881,西原１丁目
大青田,大青田,3040,大青田
あけぼの2丁目,あけぼの2丁目,2682,あけぼの２丁目
あけぼの２丁目,あけぼの2丁目,2682,あけぼの２丁目
豊住1丁目,豊住1丁目,2001,豊住１丁目
豊住１丁目,豊住1丁目,2001,豊住１丁目
増尾台2丁目,増尾台2丁目,5202,増尾台２丁目
増尾台２丁目,増尾台2丁目,5202,増尾台２丁目
明原3丁目,明原3丁目,2643,明原３丁目
明原３丁目,明原3丁目,2643,明原３丁目
松葉町2丁目,松葉町2丁目,4842,松葉町２丁目
松葉町２丁目,松葉町2丁目,4842,松葉町２丁目
つくしが丘3丁目,つくしが丘3丁目,5523,つくしが丘３丁目
つくしが丘３丁目,つくしが丘3丁目,5523,つくしが丘３丁目
新富町2丁目,新富町2丁目,1602,新富町２丁目
新富町２丁目,新富町2丁目,1602,新富町２丁目
緑ケ丘,緑ケ丘,2320,緑ケ丘
豊住3丁目,豊住3丁目,2003,豊住３丁目
豊住３丁目,豊住3丁目,2003,豊住３丁目
増尾台1丁目,増尾台1丁目,5201,増尾台１丁目
増尾台１丁目,増尾台1丁目,5201,増尾台１丁目
西原5丁目,西原5丁目,3885,西原５丁目
西原５丁目,西原5丁目,3885,西原５丁目
増尾2丁目,増尾2丁目,5162,増尾２丁目
増尾２丁目,増尾2丁目,5162,増尾２丁目
西原3丁目,西原3丁目,3883,西原３丁目
西原３丁目,西原3丁目,3883,西原３丁目
中央町,中央町,2920,中央町
南逆井2丁目,南逆井2丁目,6122,南逆井２丁目
南逆井２丁目,南逆井2丁目,6122,南逆井２丁目
南柏1丁目,南柏1丁目,2361,南柏１丁目
南柏１丁目,南柏1丁目,2361,南柏１丁目
緑台,緑台,7720,緑台
西柏台1丁目,西柏台1丁目,3841,西柏台１丁目
西柏台１丁目,西柏台1丁目,3841,西柏台１丁目
南増尾5丁目,南増尾5丁目,6165,南増尾５丁目
南増尾５丁目,南増尾5丁目,6165,南増尾５丁目
西町,西町,2080,西町
関場町,関場町,1640,関場町
逆井,逆井,6640,逆井
加賀3丁目,加賀3丁目,5043,加賀３丁目
加賀３丁目,加賀3丁目,5043,加賀３丁目
西原4丁目,西原4丁目,3884,西原４丁目
西原４丁目,西原4丁目,3884,西原４丁目
みどり台2丁目,みどり台2丁目,3922,みどり台２丁目
みどり台２丁目,みどり台2丁目,3922,みどり台２丁目
あけぼの4丁目,あけぼの4丁目,2684,あけぼの４丁目
あけぼの４丁目,あけぼの4丁目,2684,あけぼの４丁目
藤心2丁目,藤心2丁目,6762,藤心２丁目
藤心２丁目,藤心2丁目,6762,藤心２丁目
旭町2丁目,旭町2丁目,2722,旭町２丁目
旭町２丁目,旭町2丁目,2722,旭町２丁目
亀甲台町1丁目,亀甲台町1丁目,1481,亀甲台町１丁目
亀甲台町１丁目,亀甲台町1丁目,1481,亀甲台町１丁目
弥生町,弥生町,2440,弥生町
東山2丁目,東山2丁目,5722,東山２丁目
東山２丁目,東山2丁目,5722,東山２丁目
中央1丁目,中央1丁目,2881,中央１丁目
中央１丁目,中央1丁目,2881,中央１丁目
北柏3丁目,北柏3丁目,4083,北柏３丁目
北柏３丁目,北柏3丁目,4083,北柏３丁目
旭町4丁目,旭町4丁目,2724,旭町４丁目
旭町４丁目,旭町4丁目,2724,旭町４丁目
東台本町,東台本町,1160,東台本町
大島田,大島田,7520,大島田
東2丁目,東2丁目,1082,東２丁目
東２丁目,東2丁目,1082,東２丁目
つくしが丘5丁目,つくしが丘5丁目,5525,つくしが丘５丁目
つくしが丘５丁目,つくしが丘5丁目,5525,つくしが丘５丁目
中原1丁目,中原1丁目,5601,中原１丁目
中原１丁目,中原1丁目,5601,中原１丁目
高南台2丁目,高南台2丁目,7082,高南台２丁目
高南台２丁目,高南台2丁目,7082,高南台２丁目
千代田3丁目,千代田3丁目,1723,千代田３丁目
千代田３丁目,千代田3丁目,1723,千代田３丁目
松葉町7丁目,松葉町7丁目,4847,松葉町７丁目
松葉町７丁目,松葉町7丁目,4847,松葉町７丁目
みどり台3丁目,みどり台3丁目,3923,みどり台３丁目
みどり台３丁目,みどり台3丁目,3923,みどり台３丁目
旭町6丁目,旭町6丁目,2726,旭町６丁目
旭町６丁目,旭町6丁目,2726,旭町６丁目
加賀2丁目,加賀2丁目,5042,加賀２丁目
加賀２丁目,加賀2丁目,5042,加賀２丁目
逆井5丁目,逆井5丁目,6645,逆井５丁目
逆井５丁目,逆井5丁目,6645,逆井５丁目
豊住5丁目,豊住5丁目,2005,豊住５丁目
豊住５丁目,豊住5丁目,2005,豊住５丁目
永楽台1丁目,永楽台1丁目,1241,永楽台１丁目
永楽台１丁目,永楽台1丁目,1241,永楽台１丁目
東1丁目,東1丁目,1081,東１丁目
東１丁目,東1丁目,1081,東１丁目
八幡町,八幡町,2120,八幡町
千代田1丁目,千代田1丁目,1721,千代田１丁目
千代田１丁目,千代田1丁目,1721,千代田１丁目
西原6丁目,西原6丁目,3886,西原６丁目
西原６丁目,西原6丁目,3886,西原６丁目
逆井1丁目,逆井1丁目,6641,逆井１丁目
逆井１丁目,逆井1丁目,6641,逆井１丁目
柏7丁目,柏7丁目,2807,柏７丁目
柏７丁目,柏7丁目,2807,柏７丁目
酒井根6丁目,酒井根6丁目,5486,酒井根６丁目
酒井根６丁目,酒井根6丁目,5486,酒井根６丁目
増尾6丁目,増尾6丁目,5166,増尾６丁目
増尾６丁目,増尾6丁目,5166,増尾６丁目
富里2丁目,富里2丁目,1882,富里２丁目
富里２丁目,富里2丁目,1882,富里２丁目
高南台1丁目,高南台1丁目,7081,高南台１丁目
高南台１丁目,高南台1丁目,7081,高南台１丁目
泉,泉,8080,泉
あけぼの3丁目,あけぼの3丁目,2683,あけぼの３丁目
あけぼの３丁目,あけぼの3丁目,2683,あけぼの３丁目
柏3丁目,柏3丁目,2803,柏３丁目
柏３丁目,柏3丁目,2803,柏３丁目
南逆井7丁目,南逆井7丁目,6127,南逆井７丁目
南逆井７丁目,南逆井7丁目,6127,南逆井７丁目
布施新町4丁目,布施新町4丁目,4364,布施新町４丁目
布施新町４丁目,布施新町4丁目,4364,布施新町４丁目
塚崎2丁目,塚崎2丁目,7642,塚崎２丁目
塚崎２丁目,塚崎2丁目,7642,塚崎２丁目
向原町,向原町,2400,向原町
柏の葉2丁目,柏の葉2丁目,3722,柏の葉２丁目
柏の葉２丁目,柏の葉2丁目,3722,柏の葉２丁目
五條谷,五條谷,7600,五條谷
布瀬,布瀬,8560,布瀬
手賀,手賀,8480,手賀
鷲野谷,鷲野谷,8720,鷲野谷
東上町,東上町,1120,東上町
南増尾6丁目,南増尾6丁目,6166,南増尾６丁目
南増尾６丁目,南増尾6丁目,6166,南増尾６丁目
増尾5丁目,増尾5丁目,5165,増尾５丁目
増尾５丁目,増尾5丁目,5165,増尾５丁目
新富町1丁目,新富町1丁目,1601,新富町１丁目
新富町１丁目,新富町1丁目,1601,新富町１丁目
永楽台3丁目,永楽台3丁目,1243,永楽台３丁目
永楽台３丁目,永楽台3丁目,1243,永楽台３丁目
豊住4丁目,豊住4丁目,2004,豊住４丁目
豊住４丁目,豊住4丁目,2004,豊住４丁目
豊四季台4丁目,豊四季台4丁目,4644,豊四季台４丁目
豊四季台４丁目,豊四季台4丁目,4644,豊四季台４丁目
東逆井1丁目,東逆井1丁目,6721,東逆井１丁目
東逆井１丁目,東逆井1丁目,6721,東逆井１丁目
布施新町3丁目,布施新町3丁目,4363,布施新町３丁目
布施新町３丁目,布施新町3丁目,4363,布施新町３丁目
柏の葉1丁目,柏の葉1丁目,3721,柏の葉１丁目
柏の葉１丁目,柏の葉1丁目,3721,柏の葉１丁目
東柏1丁目,東柏1丁目,2161,東柏１丁目
東柏１丁目,東柏1丁目,2161,東柏１丁目
桜台,桜台,1520,桜台
柏6丁目,柏6丁目,2806,柏６丁目
柏６丁目,柏6丁目,2806,柏６丁目
南逆井1丁目,南逆井1丁目,6121,南逆井１丁目
南逆井１丁目,南逆井1丁目,6121,南逆井１丁目
北柏2丁目,北柏2丁目,4082,北柏２丁目
北柏２丁目,北柏2丁目,4082,北柏２丁目
旭町8丁目,旭町8丁目,2728,旭町８丁目
旭町８丁目,旭町8丁目,2728,旭町８丁目
北柏台,北柏台,4120,北柏台
東3丁目,東3丁目,1083,東３丁目
東３丁目,東3丁目,1083,東３丁目
岩井,岩井,8160,岩井
富里1丁目,富里1丁目,1881,富里１丁目
富里１丁目,富里1丁目,1881,富里１丁目
中央2丁目,中央2丁目,2882,中央２丁目
中央２丁目,中央2丁目,2882,中央２丁目
東中新宿1丁目,東中新宿1丁目,5681,東中新宿１丁目
東中新宿１丁目,東中新宿1丁目,5681,東中新宿１丁目
若白毛,若白毛,8680,若白毛
千代田2丁目,千代田2丁目,1722,千代田２丁目
千代田２丁目,千代田2丁目,1722,千代田２丁目
旭町1丁目,旭町1丁目,2721,旭町１丁目
旭町１丁目,旭町1丁目,2721,旭町１丁目
中新宿2丁目,中新宿2丁目,5562,中新宿２丁目
中新宿２丁目,中新宿2丁目,5562,中新宿２丁目
藤心,藤心,6760,藤心
南柏2丁目,南柏2丁目,2362,南柏２丁目
南柏２丁目,南柏2丁目,2362,南柏２丁目
酒井根3丁目,酒井根3丁目,5483,酒井根３丁目
酒井根３丁目,酒井根3丁目,5483,酒井根３丁目
みどり台1丁目,みどり台1丁目,3921,みどり台１丁目
みどり台１丁目,みどり台1丁目,3921,みどり台１丁目
南増尾7丁目,南増尾7丁目,6167,南増尾７丁目
南増尾７丁目,南増尾7丁目,6167,南増尾７丁目
柏5丁目,柏5丁目,2805,柏５丁目
柏５丁目,柏5丁目,2805,柏５丁目
松葉町3丁目,松葉町3丁目,4843,松葉町３丁目
松葉町３丁目,松葉町3丁目,4843,松葉町３丁目
増尾1丁目,増尾1丁目,5161,増尾１丁目
増尾１丁目,増尾1丁目,5161,増尾１丁目
泉町,泉町,2760,泉町
光ケ丘4丁目,光ケ丘4丁目,5764,光ケ丘４丁目
光ケ丘４丁目,光ケ丘4丁目,5764,光ケ丘４丁目
藤ケ谷新田,藤ケ谷新田,7280,藤ケ谷新田
片山,片山,8240,片山
富里3丁目,富里3丁目,1883,富里３丁目
富里３丁目,富里3丁目,1883,富里３丁目
増尾,増尾,5160,増尾
吉野沢,吉野沢,2520,吉野沢
塚崎1丁目,塚崎1丁目,7641,塚崎１丁目
塚崎１丁目,塚崎1丁目,7641,塚崎１丁目
ひばりが丘,ひばりが丘,2240,ひばりが丘
南高柳,南高柳,7320,南高柳
柏2丁目,柏2丁目,2802,柏２丁目
柏２丁目,柏2丁目,2802,柏２丁目
豊四季台1丁目,豊四季台1丁目,4641,豊四季台１丁目
豊四季台１丁目,豊四季台1丁目,4641,豊四季台１丁目
柳戸,柳戸,8640,柳戸
明原2丁目,明原2丁目,2642,明原２丁目
明原２丁目,明原2丁目,2642,明原２丁目
あけぼの1丁目,あけぼの1丁目,2681,あけぼの１丁目
あけぼの１丁目,あけぼの1丁目,2681,あけぼの１丁目
東柏2丁目,東柏2丁目,2162,東柏２丁目
東柏２丁目,東柏2丁目,2162,東柏２丁目
高南台3丁目,高南台3丁目,7083,高南台３丁目
高南台３丁目,高南台3丁目,7083,高南台３丁目
明原4丁目,明原4丁目,2644,明原４丁目
明原４丁目,明原4丁目,2644,明原４丁目
名戸ケ谷,名戸ケ谷,5120,名戸ケ谷
増尾4丁目,増尾4丁目,5164,増尾４丁目
増尾４丁目,増尾4丁目,5164,増尾４丁目
金山,金山,8320,金山
西山2丁目,西山2丁目,5642,西山２丁目
西山２丁目,西山2丁目,5642,西山２丁目
若葉町,若葉町,2560,若葉町
塚崎3丁目,塚崎3丁目,7643,塚崎３丁目
塚崎３丁目,塚崎3丁目,7643,塚崎３丁目
つくしが丘2丁目,つくしが丘2丁目,5522,つくしが丘２丁目
つくしが丘２丁目,つくしが丘2丁目,5522,つくしが丘２丁目
布施新町2丁目,布施新町2丁目,4362,布施新町２丁目
布施新町２丁目,布施新町2丁目,4362,布施新町２丁目
西原2丁目,西原2丁目,3882,西原２丁目
西原２丁目,西原2丁目,3882,西原２丁目
船戸山高野,船戸山高野,3520,船戸山高野
南柏中央,南柏中央,2340,南柏中央
酒井根7丁目,酒井根7丁目,5487,酒井根７丁目
酒井根７丁目,酒井根7丁目,5487,酒井根７丁目
大塚町,大塚町,1280,大塚町
西山1丁目,西山1丁目,5641,西山１丁目
西山１丁目,西山1丁目,5641,西山１丁目
しいの木台2丁目,しいの木台2丁目,7122,しいの木台２丁目
しいの木台２丁目,しいの木台2丁目,7122,しいの木台２丁目
永楽台2丁目,永楽台2丁目,1242,永楽台２丁目
永楽台２丁目,永楽台2丁目,1242,永楽台２丁目
布施新町1丁目,布施新町1丁目,4361,布施新町１丁目
布施新町１丁目,布施新町1丁目,4361,布施新町１丁目
旭町7丁目,旭町7丁目,2727,旭町７丁目
旭町７丁目,旭町7丁目,2727,旭町７丁目
新逆井2丁目,新逆井2丁目,6082,新逆井２丁目
新逆井２丁目,新逆井2丁目,6082,新逆井２丁目
西原7丁目,西原7丁目,3887,西原７丁目
西原７丁目,西原7丁目,3887,西原７丁目
南増尾2丁目,南増尾2丁目,6162,南増尾２丁目
南増尾２丁目,南増尾2丁目,6162,南増尾２丁目
東山1丁目,東山1丁目,5721,東山１丁目
東山１丁目,東山1丁目,5721,東山１丁目
北柏4丁目,北柏4丁目,4084,北柏４丁目
北柏４丁目,北柏4丁目,4084,北柏４丁目
小青田5丁目,小青田5丁目,3205,小青田５丁目
小青田５丁目,小青田5丁目,3205,小青田５丁目
豊住2丁目,豊住2丁目,2002,豊住２丁目
豊住２丁目,豊住2丁目,2002,豊住２丁目
柏1丁目,柏1丁目,2801,柏１丁目
柏１丁目,柏1丁目,2801,柏１丁目
増尾台4丁目,増尾台4丁目,5204,増尾台４丁目
増尾台４丁目,増尾台4丁目,5204,増尾台４丁目
酒井根1丁目,酒井根1丁目,5481,酒井根１丁目
酒井根１丁目,酒井根1丁目,5481,酒井根１丁目
増尾7丁目,増尾7丁目,5167,増尾７丁目
増尾７丁目,増尾7丁目,5167,増尾７丁目
つくしが丘1丁目,つくしが丘1丁目,5521,つくしが丘１丁目
つくしが丘１丁目,つくしが丘1丁目,5521,つくしが丘１丁目
酒井根5丁目,酒井根5丁目,5485,酒井根５丁目
酒井根５丁目,酒井根5丁目,5485,酒井根５丁目
明原1丁目,明原1丁目,2641,明原１丁目
明原１丁目,明原1丁目,2641,明原１丁目
藤心4丁目,藤心4丁目,6764,藤心４丁目
藤心４丁目,藤心4丁目,6764,藤心４丁目
伊勢原1丁目,伊勢原1丁目,3681,伊勢原１丁目
伊勢原１丁目,伊勢原1丁目,3681,伊勢原１丁目
箕輪,箕輪,7760,箕輪
高柳新田,高柳新田,7200,高柳新田
新柏3丁目,新柏3丁目,5083,新柏３丁目
新柏３丁目,新柏3丁目,5083,新柏３丁目
みどり台4丁目,みどり台4丁目,3924,みどり台４丁目
みどり台４丁目,みどり台4丁目,3924,みどり台４丁目
亀甲台町2丁目,亀甲台町2丁目,1482,亀甲台町２丁目
亀甲台町２丁目,亀甲台町2丁目,1482,亀甲台町２丁目
つくしが丘4丁目,つくしが丘4丁目,5524,つくしが丘４丁目
つくしが丘４丁目,つくしが丘4丁目,5524,つくしが丘４丁目
南逆井5丁目,南逆井5丁目,6125,南逆井５丁目
南逆井５丁目,南逆井5丁目,6125,南逆井５丁目
藤心5丁目,藤心5丁目,6765,藤心５丁目
藤心５丁目,藤心5丁目,6765,藤心５丁目
旭町3丁目,旭町3丁目,2723,旭町３丁目
旭町３丁目,旭町3丁目,2723,旭町３丁目
酒井根,酒井根,5480,酒井根
北柏5丁目,北柏5丁目,4085,北柏５丁目
北柏５丁目,北柏5丁目,4085,北柏５丁目
小青田1丁目,小青田1丁目,3201,小青田１丁目
小青田１丁目,小青田1丁目,3201,小青田１丁目
藤心3丁目,藤心3丁目,6763,藤心３丁目
藤心３丁目,藤心3丁目,6763,藤心３丁目
柏4丁目,柏4丁目,2804,柏４丁目
柏４丁目,柏4丁目,2804,柏４丁目
かやの町,かやの町,1440,かやの町
小青田3丁目,小青田3丁目,3203,小青田３丁目
小青田３丁目,小青田3丁目,3203,小青田３丁目
しいの木台1丁目,しいの木台1丁目,7121,しいの木台１丁目
しいの木台１丁目,しいの木台1丁目,7121,しいの木台１丁目
手賀の杜2丁目,手賀の杜2丁目,8542,手賀の杜２丁目
手賀の杜２丁目,手賀の杜2丁目,8542,手賀の杜２丁目
酒井根4丁目,酒井根4丁目,5484,酒井根４丁目
酒井根４丁目,酒井根4丁目,5484,酒井根４丁目
新柏4丁目,新柏4丁目,5084,新柏４丁目
新柏４丁目,新柏4丁目,5084,新柏４丁目
豊平町,豊平町,2040,豊平町
手賀の杜5丁目,手賀の杜5丁目,8545,手賀の杜５丁目
手賀の杜５丁目,手賀の杜5丁目,8545,手賀の杜５丁目
正連寺,正連寺,3280,正連寺
大室2丁目,大室2丁目,3082,大室２丁目
大室２丁目,大室2丁目,3082,大室２丁目
みどり台5丁目,みどり台5丁目,3925,みどり台５丁目
みどり台５丁目,みどり台5丁目,3925,みどり台５丁目
船戸1丁目,船戸1丁目,3481,船戸１丁目
船戸１丁目,船戸1丁目,3481,船戸１丁目
小青田2丁目,小青田2丁目,3202,小青田２丁目
小青田２丁目,小青田2丁目,3202,小青田２丁目
大室1丁目,大室1丁目,3081,大室１丁目
大室１丁目,大室1丁目,3081,大室１丁目
手賀の杜4丁目,手賀の杜4丁目,8544,手賀の杜４丁目
手賀の杜４丁目,手賀の杜4丁目,8544,手賀の杜４丁目
手賀の杜3丁目,手賀の杜3丁目,8543,手賀の杜３丁目
手賀の杜３丁目,手賀の杜3丁目,8543,手賀の杜３丁目
手賀の杜1丁目,手賀の杜1丁目,8541,手賀の杜１丁目
手賀の杜１丁目,手賀の杜1丁目,8541,手賀の杜１丁目
増尾3丁目,増尾3丁目,5163,増尾３丁目
増尾３丁目,増尾3丁目,5163,増尾３丁目
柏の葉5丁目,柏の葉5丁目,3725,柏の葉５丁目
柏の葉５丁目,柏の葉5丁目,3725,柏の葉５丁目
大山台2丁目,大山台2丁目,1322,大山台２丁目
大山台２丁目,大山台2丁目,1322,大山台２丁目
日立台2丁目,日立台2丁目,2202,日立台２丁目
日立台２丁目,日立台2丁目,2202,日立台２丁目
光ケ丘3丁目,光ケ丘3丁目,5763,光ケ丘３丁目
光ケ丘３丁目,光ケ丘3丁目,5763,光ケ丘３丁目
中十余二,中十余二,3800,中十余二
高柳1丁目,高柳1丁目,7161,高柳１丁目
高柳１丁目,高柳1丁目,7161,高柳１丁目
豊町1丁目,豊町1丁目,2481,豊町１丁目
豊町１丁目,豊町1丁目,2481,豊町１丁目
今谷南町,今谷南町,5440,今谷南町
末広町,末広町,2840,末広町
船戸2丁目,船戸2丁目,3482,船戸２丁目
船戸２丁目,船戸2丁目,3482,船戸２丁目
光ケ丘1丁目,光ケ丘1丁目,5761,光ケ丘１丁目
光ケ丘１丁目,光ケ丘1丁目,5761,光ケ丘１丁目
大室3丁目,大室3丁目,3083,大室３丁目
大室３丁目,大室3丁目,3083,大室３丁目
北柏1丁目,北柏1丁目,4081,北柏１丁目
北柏１丁目,北柏1丁目,4081,北柏１丁目
船戸3丁目,船戸3丁目,3483,船戸３丁目
船戸３丁目,船戸3丁目,3483,船戸３丁目
柏の葉6丁目,柏の葉6丁目,3726,柏の葉６丁目
柏の葉６丁目,柏の葉6丁目,3726,柏の葉６丁目
高柳2丁目,高柳2丁目,7162,高柳２丁目
高柳２丁目,高柳2丁目,7162,高柳２丁目
小青田4丁目,小青田4丁目,3204,小青田４丁目
小青田４丁目,小青田4丁目,3204,小青田４丁目
小青田,小青田,3200,小青田
上三ケ尾飛地,上三ケ尾飛地,3120,上三ケ尾飛地
上利根,上利根,3160,上利根
下三ケ尾飛地,下三ケ尾飛地,3240,下三ケ尾飛地
中原,中原,5600,中原
千間橋,千間橋,8400,千間橋
南増尾,南増尾,6160,南増尾
呼塚新田,呼塚新田,4480,呼塚新田
大井新田,大井新田,7480,大井新田
大山台1丁目,大山台1丁目,1321,大山台１丁目
大山台１丁目,大山台1丁目,1321,大山台１丁目
大島田1丁目,大島田1丁目,7521,大島田１丁目
大島田１丁目,大島田1丁目,7521,大島田１丁目
大島田2丁目,大島田2丁目,7522,大島田２丁目
大島田２丁目,大島田2丁目,7522,大島田２丁目
岩井新田,岩井新田,8200,岩井新田
布施下,布施下,4320,布施下
布瀬新田,布瀬新田,8600,布瀬新田
弁天下,弁天下,4400,弁天下
戸張新田,戸張新田,1840,戸張新田
手賀新田,手賀新田,8520,手賀新田
新利根,新利根,3320,新利根
新十余二,新十余二,3360,新十余二
日立台1丁目,日立台1丁目,2201,日立台１丁目
日立台１丁目,日立台1丁目,2201,日立台１丁目
曙橋,曙橋,8040,曙橋
松ケ崎新田,松ケ崎新田,4440,松ケ崎新田
柏の葉4丁目,柏の葉4丁目,3724,柏の葉４丁目
柏の葉４丁目,柏の葉4丁目,3724,柏の葉４丁目
柏インター南,柏インター南,3820,柏インター南
柏インター東,柏インター東,3810,柏インター東
柏下,柏下,1360,柏下
柏中村下,柏中村下,1400,柏中村下
柏堀之内新田,柏堀之内新田,4040,柏堀之内新田
染井入新田,染井入新田,8440,染井入新田
根戸新田,根戸新田,4240,根戸新田
水道橋,水道橋,8360,水道橋
泉村新田,泉村新田,8120,泉村新田
片山新田,片山新田,8280,片山新田
箕輪新田,箕輪新田,7800,箕輪新田
西三ケ尾飛地,西三ケ尾飛地,3400,西三ケ尾飛地
豊住,豊住,2000,豊住
青田新田飛地,青田新田飛地,3640,青田新田飛地
風早1丁目,風早1丁目,7041,風早１丁目
風早１丁目,風早1丁目,7041,風早１丁目
風早2丁目,風早2丁目,7042,風早２丁目
風早２丁目,風早2丁目,7042,風早２丁目
鷲野谷新田,鷲野谷新田,8760,鷲野谷新田
